{
  "default_metrics": {
    "model": "random_forest",
    "accuracy": 0.7938877043354655,
    "precision": 0.6363636363636364,
    "recall": 0.5240641711229946,
    "f1": 0.5747800586510264,
    "roc_auc": 0.8297518778698665
  },
  "threshold_metrics": {
    "threshold": 0.3,
    "precision": 0.5185185185185185,
    "recall": 0.786096256684492
  }
}